speed,current,duty_cycle,target_speed,timestamp
0.0,0.2,0.0,0.0,1731357018.1243012
0,0.20878752064953227,0.0,0.0,1731357018.1353662
0,0.20074212972292219,0.0,0.0,1731357018.1489513
0,0.21319039613720328,0.0,0.0,1731357018.1600223
0,0.1815852699375192,0.0,0.0,1731357018.1711347
0,0.18989996219664143,0.0,0.0,1731357018.1825285
0,0.2149340805944232,0.0,0.0,1731357018.1932647
0.030101102466851805,0.18100598147070696,0.0,0.0,1731357018.2041018
0,0.17844942946398884,0.0,0.0,1731357018.2144773
0,0.20590839339526879,0.0,0.0,1731357018.2247312
0,0.20590839339526879,0.0,0.0,1731357018.2352855
0,0.1970093119571703,0.0,0.0,1731357018.2456753
0,0.1970093119571703,0.0,0.0,1731357018.25622
0.025801064993702955,0.19644816828867162,0.0,0.0,1731357018.2664852
0,0.18133957227236477,0.0,0.0,1731357018.2770069
0,0.17435470287790586,0.0,0.0,1731357018.2873588
0.0980543756225853,0.19294130997339545,0.0,0.0,1731357018.2982273
0.13747782456246083,0.16841630222432957,0.0,0.0,1731357018.3088472
0.055405537832973945,0.22119921026432693,0.0,0.0,1731357018.3197322
0.055405537832973945,0.22119921026432693,0.0,0.0,1731357018.3301253
0.09403479507535986,0.21076645524523474,0.0,0.0,1731357018.34033
0,0.16915336739095851,0.0,0.0,1731357018.3506632
0,0.2176733015585622,0.0,0.0,1731357018.3612497
0,0.18640878999985513,0.0,0.0,1731357018.3716798
0.13807427173590678,0.2152479345325342,0.0,0.0,1731357018.3820963
0,0.20674839051178007,0.0,0.0,1731357018.392371
0,0.16138438702325725,0.0,0.0,1731357018.402761
0,0.21139152329196303,0.0,0.0,1731357018.4134047
0.00020067006979923496,0.2142246237726049,0.0,0.0,1731357018.4237304
0.08375393883461987,0.20339285154148715,0.0,0.0,1731357018.434154
0,0.2079007044538797,0.0,0.0,1731357018.4447775
0,0.18205738527039655,0.0,0.0,1731357018.454931
0,0.18064308139570862,0.0,0.0,1731357018.4654825
0.1772199021125505,0.21290920890221107,0.0,0.0,1731357018.4756265
0.037302789421374584,0.18614136976234996,0.0,0.0,1731357018.4860191
0,0.1942463719838761,0.0,0.0,1731357018.4965959
0,0.20942609727860043,0.0,0.0,1731357018.5071661
0,0.1830940699695542,0.0,0.0,1731357018.5177283
0.129867759236569,0.20229664872129835,0.0,0.0,1731357018.5282822
0,0.199185254015767,0.0,0.0,1731357018.538942
0.039744407098869075,0.21187447716518873,0.0,0.0,1731357018.5495095
0,0.20221804921654932,0.0,0.0,1731357018.5600693
0.029436123322962804,0.20883198766823682,0.0,0.0,1731357018.5703454
0,0.19626816812344883,0.0,0.0,1731357018.580918
0.06860809869086532,0.18142781345851866,0.0,0.0,1731357018.591114
0,0.19339504908125765,0.0,0.0,1731357018.6017067
0.07617904105905852,0.215252790864014,0.0,0.0,1731357018.6123533
0.02826580540495259,0.21767554441461673,0.0,0.0,1731357018.6229308
0.10209482834054479,0.21686421004080136,0.0,0.0,1731357018.6332707
0.048768167782334754,0.22379590553107503,0.0,0.0,1731357018.643386
0,0.1826298797369827,0.0,0.0,1731357018.6539638
0.040974423083395196,0.2294502817485849,0.0,0.0,1731357018.6645303
0.0216339582576088,0.24245757913800242,0.0,0.0,1731357018.6750872
0,0.20489997514275413,0.0,0.0,1731357018.6853552
0,0.16504725017838937,0.0,0.0,1731357018.6960106
0,0.17371394843049315,0.0,0.0,1731357018.7066107
0.04004256756390932,0.20107574490995575,0.0,0.0,1731357018.7171898
0,0.1775547245031794,0.0,0.0,1731357018.7277708
0,0.19490805741494074,0.0,0.0,1731357018.7381537
0,0.20996958063280108,0.0,0.0,1731357018.748728
0.04965597034259816,0.2153725583139088,0.0,0.0,1731357018.7592733
0.0826848538784809,0.19709830731258582,0.0,0.0,1731357018.7697575
0,0.23681991016789472,0.0,0.0,1731357018.7803166
0,0.18866581156533063,0.0,0.0,1731357018.790632
0,0.20338581124115807,0.0,0.0,1731357018.80084
0.011968034650555508,0.2444521746087206,0.0,0.0,1731357018.8114483
0.09490653517433284,0.2344526169907505,0.0,0.0,1731357018.8219247
0.07085681124126417,0.17810670839518217,0.0,0.0,1731357018.8323452
0,0.20211406962939987,0.0,0.0,1731357018.842504
0.11872155465434589,0.19170111826589092,0.0,0.0,1731357018.8530664
0.037087510908883646,0.20226948472297943,0.0,0.0,1731357018.8636389
0,0.20401871884058906,0.0,0.0,1731357018.8741982
0.0011749104104121914,0.20814061903111603,0.0,0.0,1731357018.8847077
0,0.1880391575394987,0.0,0.0,1731357018.8952732
0,0.191218535879297,0.0,0.0,1731357018.905836
0.044291421760163145,0.1850393254285848,0.0,0.0,1731357018.9160218
0.05186217869186413,0.19017191135708036,0.0,0.0,1731357018.92623
0,0.20304824798152477,0.0,0.0,1731357018.9367208
0,0.22891137579012114,0.0,0.0,1731357018.947102
0.0174973668252565,0.169863590608701,0.0,0.0,1731357018.957692
0,0.19441189569737985,0.0,0.0,1731357018.9678621
0,0.2187652423979154,0.0,0.0,1731357018.9784095
0,0.19936193457053858,0.0,0.0,1731357018.9886022
0.08447582546985298,0.1985380322493228,0.0,0.0,1731357018.9991457
0.10463082863333605,0.16964231539091296,0.0,0.0,1731357019.0092876
0,0.1858418799328198,0.0,0.0,1731357019.0195534
0.07390156528657438,0.1907992070092919,0.0,0.0,1731357019.030198
0,0.16758303044147738,0.0,0.0,1731357019.0404253
0.08413236279522165,0.19767269179768712,0.0,0.0,1731357019.0505114
0.053382930571110015,0.18851495630019485,0.0,0.0,1731357019.060789
0.05811082961594665,0.1760604552408628,0.0,0.0,1731357019.071159
0.010072517053499609,0.2129523490170303,0.0,0.0,1731357019.0814993
0.10519479294393042,0.16340929228911055,0.0,0.0,1731357019.0920858
0,0.2423371753331744,0.0,0.0,1731357019.1022
0.0987692400086887,0.21436405880211282,0.0,0.0,1731357019.1128685
0,0.20632317634979683,0.0,0.0,1731357019.1236386
0.1173336539258356,0.16126912217339762,0.0,0.0,1731357019.1338644
0,0.17541688227228727,0.0,0.0,1731357019.1443896
0.0879799693498769,0.21738615823523302,0.0,0.0,1731357019.1549864
0,0.23025297312545656,0.0,0.0,1731357019.1651576
0,0.19795447017832304,0.0,0.0,1731357019.1753018
0,0.16534948933001176,0.0,0.0,1731357019.1858692
0,0.19585461326576992,0.0,0.0,1731357019.1964633
0,0.20329863044250326,0.0,0.0,1731357019.2069533
0.10225991629592424,0.16509657510138656,0.0,0.0,1731357019.21707
0.07007895790542591,0.1954583612909281,0.0,0.0,1731357019.2272818
0.17900380376348135,0.17162577200475418,0.0,0.0,1731357019.2377436
0.09138367338362366,0.22896461120202433,0.0,0.0,1731357019.248266
0.05311701691427583,0.1878166287207073,0.0,0.0,1731357019.2588632
0.06805824294065202,0.19845970876457292,0.0,0.0,1731357019.2693493
0,0.2066900643060038,0.0,0.0,1731357019.2800908
0.058005618840588816,0.20745157862378996,0.0,0.0,1731357019.2903926
0,0.20418013984996916,0.0,0.0,1731357019.3004892
0,0.2007759432604183,0.0,0.0,1731357019.3108218
0.03487419080815934,0.18280013524058195,0.0,0.0,1731357019.3211086
0,0.1807220051489137,0.0,0.0,1731357019.3316078
0,0.1941799633945193,0.0,0.0,1731357019.3421385
0.10825738173718123,0.18757928900737372,0.0,0.0,1731357019.352227
0.17146797981463757,0.20950585790545365,0.0,0.0,1731357019.36239
0.1920844465674088,0.17610074154010708,0.0,0.0,1731357019.3726616
0.11862027981407887,0.18675233067248617,0.0,0.0,1731357019.383001
0,0.21765427790191674,0.0,0.0,1731357019.3934257
0,0.19318371630069373,0.0,0.0,1731357019.4037895
0.10949432099149498,0.19133111031623254,0.0,0.0,1731357019.4138906
0.17837857703171567,0.15761872472678842,0.0,0.0,1731357019.424121
0.019764478856185513,0.17036617075872654,0.0,0.0,1731357019.4343238
0.08318990607349804,0.20799165394936897,0.0,0.0,1731357019.444671
0,0.21289712881104986,0.0,0.0,1731357019.4548848
0.06544830099409206,0.17656069827437845,0.0,0.0,1731357019.4652727
0,0.19441503371643878,0.0,0.0,1731357019.4756284
0,0.16241533780043602,0.0,0.0,1731357019.4862137
0,0.21190050038729122,0.0,0.0,1731357019.4964025
0.11520310587621306,0.19667244250699636,0.0,0.0,1731357019.5066555
0.07145578312335849,0.23950910891059946,0.0,0.0,1731357019.5169485
0.10484082950408312,0.20738407746095572,0.0,0.0,1731357019.527487
0.10484082950408312,0.20738407746095572,0.0,0.0,1731357019.5375986
0.14923149184676215,0.22080175011321188,0.0,0.0,1731357019.54797
0,0.16254790057259255,0.0,0.0,1731357019.5588567
0,0.20579466395304472,0.0,0.0,1731357019.5693808
0,0.21927224824740285,0.0,0.0,1731357019.5801342
0.05548541702913608,0.20413616645682817,0.0,0.0,1731357019.5907085
0,0.18482968242275102,0.0,0.0,1731357019.6009567
0.01976272321746708,0.21236600313470838,0.0,0.0,1731357019.611509
0.06722506216856801,0.1832768874272026,0.0,0.0,1731357019.6217835
0,0.19249365201327304,0.0,0.0,1731357019.6323433
0,0.16550250863640936,0.0,0.0,1731357019.6425543
0.14987900172510465,0.1895040206656166,0.0,0.0,1731357019.6527576
0.01936907191453431,0.2237689492976142,0.0,0.0,1731357019.6631608
0.0676278409171255,0.1853507960926588,0.0,0.0,1731357019.6734324
0.0676278409171255,0.1853507960926588,0.0,0.0,1731357019.6837113
0.09352953029560435,0.2138498168304548,0.0,0.0,1731357019.6942587
0,0.19279429291644065,0.0,0.0,1731357019.704633
0,0.19279429291644065,0.0,0.0,1731357019.7151163
0,0.17955871125150638,0.0,0.0,1731357019.725211
0,0.18455835300450296,0.0,0.0,1731357019.7357988
0.17040873865090023,0.17195549714048453,0.0,0.0,1731357019.746363
0.1617853784516023,0.18032813638338158,0.0,0.0,1731357019.7564552
0.05005169891541451,0.2502123990631915,0.0,0.0,1731357019.7667475
0.10546537986009007,0.18826236144568703,0.0,0.0,1731357019.7768323
0.08862799904178671,0.17098716828532637,0.0,0.0,1731357019.78702
0.03507824553571647,0.20682648671246345,0.0,0.0,1731357019.797575
0,0.18489313612920874,0.0,0.0,1731357019.8077085
0,0.23548940316306444,0.0,0.0,1731357019.8177898
0,0.23570456739275758,0.0,0.0,1731357019.82836
0.03240699784423118,0.18924960727008544,0.0,0.0,1731357019.838897
0.13201653630263357,0.17893870318665586,0.0,0.0,1731357019.8490412
0,0.18114891815204193,0.0,0.0,1731357019.8596451
0,0.18903688885689424,0.0,0.0,1731357019.8701763
0,0.21258624265921838,0.0,0.0,1731357019.8807154
0.049895139283012986,0.218309904232683,0.0,0.0,1731357019.8912566
0,0.21026341220998582,0.0,0.0,1731357019.9018302
0.13616592158075513,0.19141291656737058,0.0,0.0,1731357019.912305
0.12751370249741664,0.17893805712311311,0.0,0.0,1731357019.9225001
0.06093700604551626,0.21044372030007033,0.0,0.0,1731357019.9330373
0,0.19225139181776293,0.0,0.0,1731357019.9435997
0,0.20461494968185465,0.0,0.0,1731357019.95397
0,0.2149730181778711,0.0,0.0,1731357019.964149
0,0.1788752707558825,0.0,0.0,1731357019.9746964
0.17112144641710958,0.1559836892548621,0.0,0.0,1731357019.9852688
0.01957453301060609,0.20336079651639963,0.0,0.0,1731357019.9953995
0,0.2128236456385521,0.0,0.0,1731357020.0056703
0.09462286931385233,0.17882527519358846,0.0,0.0,1731357020.0158775
0,0.20887408576013936,0.0,0.0,1731357020.0262377
0,0.20994019886122228,0.0,0.0,1731357020.0367715
0,0.1947644985364181,0.0,0.0,1731357020.0473268
0,0.20215878970002357,0.0,0.0,1731357020.0579066
0.1441447595789812,0.20036821347493755,0.0,0.0,1731357020.0680752
0.01927385152489401,0.1943015298173816,0.0,0.0,1731357020.078168
0,0.21383347113447074,0.0,0.0,1731357020.0883029
0.09793826377651653,0.19948879963480748,0.0,0.0,1731357020.098824
0.0424090090949405,0.17905487281372742,0.0,0.0,1731357020.10918
0.010330796852098818,0.1979742803835976,0.0,0.0,1731357020.119719
0.020931829459641605,0.19948888854731303,0.0,0.0,1731357020.1299193
0.08313130540339508,0.18759694140170094,0.0,0.0,1731357020.1400013
0,0.2008370725916481,0.0,0.0,1731357020.1503582
0,0.2102817760666883,28.571428571428573,0.0,1731357020.160502
5.013378770067429,0.7806312835937306,28.571428571428573,0.0,1731357020.1713052
9.626162230712543,0.8023327592351359,28.571428571428573,0.0,1731357020.181616
13.818214166505552,0.7962952974217031,28.571428571428573,0.0,1731357020.1918764
17.648780777272002,0.7631024067895781,28.571428571428573,0.0,1731357020.2023373
21.188543729482486,0.7864347625671876,28.571428571428573,0.0,1731357020.212663
24.153201900258804,0.7843897280134314,28.571428571428573,0.0,1731357020.2227464
26.756516565607022,0.820823795889073,28.571428571428573,0.0,1731357020.2329726
28.86507647102907,0.8252344283124201,28.571428571428573,0.0,1731357020.2430606
30.81155626787923,0.865492041438658,28.571428571428573,0.0,1731357020.2535064
32.87829396754494,0.7942808675324321,28.571428571428573,0.0,1731357020.2636077
34.56145013031813,0.8378402555776204,28.571428571428573,0.0,1731357020.2738678
35.97018150323869,0.8462183733156731,28.571428571428573,0.0,1731357020.2842398
37.30416060071837,0.8325630373324724,28.571428571428573,0.0,1731357020.2947848
38.396535035002195,0.8399673259551199,28.571428571428573,0.0,1731357020.304995
39.60276222870062,0.8116876808087241,28.571428571428573,0.0,1731357020.3151755
40.72208763680174,0.8385739359449575,28.571428571428573,0.0,1731357020.3256552
41.54492748721517,0.8577770154276027,28.571428571428573,0.0,1731357020.3361232
42.22890624105863,0.8368663885387948,28.571428571428573,0.0,1731357020.3462677
42.994767886790335,0.7848159433246253,28.571428571428573,0.0,1731357020.3568025
43.67343445688963,0.8655659543186153,28.571428571428573,0.0,1731357020.3671224
44.20976817092205,0.8728750434664153,28.571428571428573,0.0,1731357020.377223
44.65316436451386,0.8585670971172277,28.571428571428573,0.0,1731357020.3873122
45.276266553849936,0.8739505037123378,28.571428571428573,0.0,1731357020.3978586
45.71162432732127,0.8910417256311417,28.571428571428573,0.0,1731357020.4079714
45.71966105013961,0.8263792910666833,28.571428571428573,0.0,1731357020.4181662
46.19423660521757,0.8741600334196052,28.571428571428573,0.0,1731357020.4283404
46.49917413303164,0.8434287612625346,28.571428571428573,0.0,1731357020.4385467
46.57736421825614,0.8556392528152198,28.571428571428573,0.0,1731357020.449114
46.82875694388481,0.7944607895493578,28.571428571428573,0.0,1731357020.4596512
47.05218270648317,0.8511634620176011,28.571428571428573,0.0,1731357020.4699564
47.32199825972926,0.8638292622133432,28.571428571428573,0.0,1731357020.4802322
47.55273450244365,0.8453266479298105,28.571428571428573,0.0,1731357020.490523
47.6779166968956,0.8311185503051047,28.571428571428573,0.0,1731357020.5010443
47.9410006898795,0.8488986637012161,28.571428571428573,0.0,1731357020.511422
47.856646604689516,0.8809315189619619,28.571428571428573,0.0,1731357020.521678
47.9706115611877,0.8678465863181285,28.571428571428573,0.0,1731357020.531749
48.040902744269566,0.8222005999524757,28.571428571428573,0.0,1731357020.5421546
48.10128854099202,0.8661255070050197,28.571428571428573,0.0,1731357020.5523493
48.20546742114891,0.8334916647500781,28.571428571428573,0.0,1731357020.5625207
48.187686481472355,0.8583169439580058,28.571428571428573,0.0,1731357020.572665
48.25453810423784,0.8677069346307308,28.571428571428573,0.0,1731357020.5829225
48.43683415905475,0.8478815947701451,28.571428571428573,0.0,1731357020.5930905
48.436878095217565,0.8293430980023201,28.571428571428573,0.0,1731357020.6036046
48.534944216574516,0.8603130992845277,28.571428571428573,0.0,1731357020.6139014
48.534944216574516,0.8603130992845277,28.571428571428573,0.0,1731357020.6241221
48.454355666209906,0.8730913437224632,28.571428571428573,0.0,1731357020.6342075
48.43637399630494,0.861408175736912,28.571428571428573,0.0,1731357020.6443036
48.4939166380701,0.8627967296693424,28.571428571428573,0.0,1731357020.654883
48.77995375928629,0.8524586391952165,28.571428571428573,0.0,1731357020.6651123
48.86670915600352,0.802299029917788,28.571428571428573,0.0,1731357020.675384
48.89247434544971,0.8780002632706512,28.571428571428573,0.0,1731357020.6857824
49.06395347064952,0.8986583918590135,28.571428571428573,0.0,1731357020.6958594
49.00758934693777,0.85106342767856,28.571428571428573,0.0,1731357020.7060068
49.12327696825399,0.8518031810578525,28.571428571428573,0.0,1731357020.716434
49.183154365813834,0.873720517733891,28.571428571428573,0.0,1731357020.7264922
49.206295501463984,0.8841501564001079,28.571428571428573,0.0,1731357020.7365527
49.20661249057556,0.8636057659415043,28.571428571428573,0.0,1731357020.7471457
49.257270015678124,0.8309175214958189,28.571428571428573,0.0,1731357020.757361
49.19325579779723,0.8432832442765285,28.571428571428573,0.0,1731357020.7676804
49.155865674035745,0.8521858085546647,28.571428571428573,0.0,1731357020.7782226
48.964352983705474,0.8673980658896275,28.571428571428573,0.0,1731357020.788703
48.855458112910554,0.8723648572421521,28.571428571428573,0.0,1731357020.7990894
48.86188571483292,0.8456784755011273,28.571428571428573,0.0,1731357020.8096666
48.77474272198414,0.8371556490499117,28.571428571428573,0.0,1731357020.81994
48.87753529934858,0.876244184158089,28.571428571428573,0.0,1731357020.83012
48.93666575414678,0.8403625257126837,28.571428571428573,0.0,1731357020.8403237
49.11054894662485,0.844899066989964,28.571428571428573,0.0,1731357020.8514163
48.881891847894245,0.8747163390950466,28.571428571428573,0.0,1731357020.8615067
48.737997999937484,0.8619881987829126,28.571428571428573,0.0,1731357020.8716118
48.806232360880145,0.8578574159733874,28.571428571428573,0.0,1731357020.8821952
48.76835027710634,0.8622089865453301,28.571428571428573,0.0,1731357020.892756
48.74368677119633,0.8570936413863797,28.571428571428573,0.0,1731357020.9033375
48.82526989701657,0.8844236747286721,28.571428571428573,0.0,1731357020.9139178
48.91304305902441,0.8717824454971036,28.571428571428573,0.0,1731357020.9245374
48.72791908071252,0.8678728410329791,28.571428571428573,0.0,1731357020.935011
48.6902956477501,0.873977880494397,28.571428571428573,0.0,1731357020.9455895
48.71790760868136,0.8508968832787319,28.571428571428573,0.0,1731357020.9559932
48.70129765568948,0.8656877435699389,28.571428571428573,0.0,1731357020.9662158
48.75498068093826,0.8691652328246718,28.571428571428573,0.0,1731357020.9764895
48.75322888681374,0.8626998177991285,28.571428571428573,0.0,1731357020.9870121
48.658332614174434,0.8305779483479409,28.571428571428573,0.0,1731357020.997359
48.78735054749333,0.8189628555331481,28.571428571428573,0.0,1731357021.0075085
48.75703069176908,0.8621217311236364,28.571428571428573,0.0,1731357021.0178406
48.82716410818089,0.868744503954377,28.571428571428573,0.0,1731357021.0284586
48.8959564677765,0.8538132115632646,28.571428571428573,0.0,1731357021.0388274
48.93027398981511,0.8440783091428405,28.571428571428573,0.0,1731357021.0491126
48.90967071531265,0.8474487441196751,28.571428571428573,0.0,1731357021.059639
49.00346299002932,0.8433008207802306,28.571428571428573,0.0,1731357021.0702124
48.95111840670451,0.8424677389547397,28.571428571428573,0.0,1731357021.0804636
48.93167880260912,0.8614662965049789,28.571428571428573,0.0,1731357021.0906458
49.159576180438506,0.8571970641139555,28.571428571428573,0.0,1731357021.1007788
49.207242350425,0.8355357217170013,28.571428571428573,0.0,1731357021.1110253
48.9386931860383,0.856260102530172,28.571428571428573,0.0,1731357021.1215312
48.882753457155644,0.8483243247995114,28.571428571428573,0.0,1731357021.1321197
48.992988618290795,0.7851213894524828,28.571428571428573,0.0,1731357021.1426618
49.01541189435202,0.8401000837282415,28.571428571428573,0.0,1731357021.1528761
48.86010628794363,0.8896969993470668,28.571428571428573,0.0,1731357021.163421
48.86010628794363,0.8896969993470668,28.571428571428573,0.0,1731357021.173656
48.755685905175625,0.8722739117831178,28.571428571428573,0.0,1731357021.1841779
48.92994287280567,0.832868651349548,28.571428571428573,0.0,1731357021.194304
48.996232556548094,0.8490915438233673,28.571428571428573,0.0,1731357021.2048204
48.95528768785773,0.8763651674969819,28.571428571428573,0.0,1731357021.215304
48.77915287554423,0.8392746847371358,28.571428571428573,0.0,1731357021.2253916
48.62141639698545,0.8634013770842061,28.571428571428573,0.0,1731357021.2359881
48.70240158628252,0.877418294749111,28.571428571428573,0.0,1731357021.2464635
48.90483741473917,0.8550249392093636,28.571428571428573,0.0,1731357021.256993
48.88770331523001,0.8565934560627175,28.571428571428573,0.0,1731357021.2672675
48.95913271051429,0.8423741215489335,28.571428571428573,0.0,1731357021.2774658
48.96505380783678,0.8825045986091242,28.571428571428573,0.0,1731357021.287823
49.13482160539604,0.8755907144193384,28.571428571428573,0.0,1731357021.2981024
49.14437490892492,0.8890025168941914,28.571428571428573,0.0,1731357021.3081717
49.233290185024195,0.8641840235170233,28.571428571428573,0.0,1731357021.318745
49.31656214040569,0.84906606065384,28.571428571428573,0.0,1731357021.328893
49.088139245359116,0.8339010637482629,28.571428571428573,0.0,1731357021.3390703
49.04867412511662,0.823017659746692,28.571428571428573,0.0,1731357021.3492777
49.02674043436337,0.8378008363373461,28.571428571428573,0.0,1731357021.3595076
48.97493336766524,0.865796775506134,28.571428571428573,0.0,1731357021.3696957
48.90388114219588,0.8772951582129964,28.571428571428573,0.0,1731357021.3798895
48.97278570599416,0.8201940915162698,28.571428571428573,0.0,1731357021.3905132
48.85536247797882,0.8834051754315237,28.571428571428573,0.0,1731357021.400575
48.781816102925944,0.8877424468204586,28.571428571428573,0.0,1731357021.4106634
48.6649455428997,0.8679626744202344,28.571428571428573,0.0,1731357021.420726
48.70447212429894,0.8540505594322755,28.571428571428573,0.0,1731357021.431009
48.76498387635655,0.8347552458801878,28.571428571428573,0.0,1731357021.4412503
48.74380854735372,0.8658092319482552,28.571428571428573,0.0,1731357021.4513252
48.79897109745189,0.8501386411850955,28.571428571428573,0.0,1731357021.4616723
48.84630867956959,0.8469023336586955,28.571428571428573,0.0,1731357021.4719007
48.80399340013216,0.8572334329767202,28.571428571428573,0.0,1731357021.4822016
48.79601032683369,0.8692420470422475,28.571428571428573,0.0,1731357021.492377
48.86946478784317,0.8623746190935636,28.571428571428573,0.0,1731357021.5024939
48.79524686843733,0.8524319346811065,28.571428571428573,0.0,1731357021.5125518
48.76055982366526,0.8459698985233943,28.571428571428573,0.0,1731357021.5227013
48.746376685062764,0.8748617836027955,28.571428571428573,0.0,1731357021.5328617
48.765878214367966,0.852664471550026,28.571428571428573,0.0,1731357021.5431955
48.76899965981021,0.8408136150679884,28.571428571428573,0.0,1731357021.5537245
48.66465849052709,0.8423656424272619,28.571428571428573,0.0,1731357021.5642285
48.64306263246832,0.8746896240220525,28.571428571428573,0.0,1731357021.5743716
48.63806796030899,0.8272835181602894,28.571428571428573,0.0,1731357021.5846965
48.538754627475576,0.8431695795610179,28.571428571428573,0.0,1731357021.5948813
48.64183246435259,0.8623159673935828,28.571428571428573,0.0,1731357021.6050162
48.57690536860037,0.8322359135365347,28.571428571428573,0.0,1731357021.6156082
48.699919789809634,0.875858793000918,28.571428571428573,0.0,1731357021.6256812
48.772766753389064,0.8483095047555421,28.571428571428573,0.0,1731357021.635755
48.880378170940006,0.8477408376760668,28.571428571428573,0.0,1731357021.6458323
48.89699077351315,0.816955590195811,28.571428571428573,0.0,1731357021.6559193
48.847015833848225,0.8501535531577387,28.571428571428573,0.0,1731357021.666213
48.75923209053299,0.8616488041768562,28.571428571428573,0.0,1731357021.6765022
48.719149884802555,0.8658874899464883,28.571428571428573,0.0,1731357021.6869273
48.64441889174474,0.8675564135698647,28.571428571428573,0.0,1731357021.697227
48.81383534257021,0.8827010055314015,28.571428571428573,0.0,1731357021.707851
48.70917830688018,0.837500075633347,28.571428571428573,0.0,1731357021.718195
48.76803593913805,0.8543663185056837,28.571428571428573,0.0,1731357021.728646
48.70563070780614,0.8815581179819099,28.571428571428573,0.0,1731357021.7392263
48.89324839578969,0.8516032723188713,28.571428571428573,0.0,1731357021.749765
48.80667774998928,0.8628382893130127,28.571428571428573,0.0,1731357021.7602904
48.80757691475263,0.865146879827542,28.571428571428573,0.0,1731357021.7708237
48.928202255334696,0.8145269581259461,28.571428571428573,0.0,1731357021.7810907
49.07760866719944,0.8353506150594775,28.571428571428573,0.0,1731357021.791641
49.10709813004469,0.8520360988004451,28.571428571428573,0.0,1731357021.8020997
49.085345951468355,0.8393545867010777,28.571428571428573,0.0,1731357021.8121903
48.92256949543257,0.8666467968047245,28.571428571428573,0.0,1731357021.8227327
49.009809863382166,0.846620576913573,28.571428571428573,0.0,1731357021.8333023
49.06315077399463,0.8334795648059329,28.571428571428573,0.0,1731357021.8438265
49.047502363885975,0.8506879468740041,28.571428571428573,0.0,1731357021.854342
49.176581921467076,0.8802300679182176,28.571428571428573,0.0,1731357021.864869
49.19920814675214,0.8593585265164473,28.571428571428573,0.0,1731357021.8753936
49.216578416271716,0.8367463535900279,28.571428571428573,0.0,1731357021.885663
49.03863374902728,0.8150968161788681,28.571428571428573,0.0,1731357021.8961985
48.95113503194125,0.8553256442553592,28.571428571428573,0.0,1731357021.9066417
48.96676345988014,0.8280732848865086,28.571428571428573,0.0,1731357021.9172509
48.97233151894537,0.856318483398835,28.571428571428573,0.0,1731357021.9277878
48.910322943542475,0.864367429909701,28.571428571428573,0.0,1731357021.9381802
48.85477102464327,0.877320596019442,28.571428571428573,0.0,1731357021.9487176
48.91794160969909,0.8237435211286774,28.571428571428573,0.0,1731357021.9592423
49.091588648735986,0.8210090682647965,28.571428571428573,0.0,1731357021.9695208
49.06957900162324,0.8662391157905703,28.571428571428573,0.0,1731357021.9797997
49.06957900162324,0.8662391157905703,28.571428571428573,0.0,1731357021.990039
48.94885597406757,0.8428710979392873,28.571428571428573,0.0,1731357022.0002103
48.80161449352072,0.8416545473560361,28.571428571428573,0.0,1731357022.0105474
48.84335417260479,0.8489029426041931,28.571428571428573,0.0,1731357022.0207398
48.90526824665747,0.8644192376374819,28.571428571428573,0.0,1731357022.031102
48.78604727172516,0.8135104281667089,28.571428571428573,0.0,1731357022.0411322
48.85571413379402,0.9057470137082293,28.571428571428573,0.0,1731357022.051375
48.77737723393111,0.7946366736043561,28.571428571428573,0.0,1731357022.0617282
48.745324282796126,0.8719756012490836,28.571428571428573,0.0,1731357022.0719702
48.83386473891151,0.852501840809638,28.571428571428573,0.0,1731357022.0822034
48.8219960428229,0.8419847200264678,28.571428571428573,0.0,1731357022.0925174
48.78743124271853,0.8584592027492522,28.571428571428573,0.0,1731357022.1026297
48.95275947444687,0.8667021594899261,28.571428571428573,0.0,1731357022.1131792
48.92379035572385,0.8731057197036421,28.571428571428573,0.0,1731357022.1233072
48.80676585614407,0.8568720438699883,28.571428571428573,0.0,1731357022.1334426
48.88633103578599,0.8637156678831613,28.571428571428573,0.0,1731357022.1435707
48.752275814927714,0.8718662781186227,28.571428571428573,0.0,1731357022.1541393
48.815416470016935,0.8296458973022502,28.571428571428573,0.0,1731357022.164406
48.891570760868206,0.8905295717975642,28.571428571428573,0.0,1731357022.1745236
48.90648089743044,0.8624610199736594,57.142857142857146,0.0,1731357022.184975
54.155793256761456,1.4476013926893014,57.142857142857146,0.0,1731357022.1950731
58.76746921107438,1.4523625518108205,57.142857142857146,0.0,1731357022.205633
62.77366986410361,1.4491801346544533,57.142857142857146,0.0,1731357022.2159605
66.47217273412484,1.4619175101861428,57.142857142857146,0.0,1731357022.2262053
69.89403931152872,1.4604985216003101,57.142857142857146,0.0,1731357022.236575
72.87167223474381,1.4858142121602258,57.142857142857146,0.0,1731357022.2471073
75.8108434565005,1.4803695909748806,57.142857142857146,0.0,1731357022.257259
78.35278286115486,1.4681708424178326,57.142857142857146,0.0,1731357022.2673867
80.49060112067629,1.4809250945912886,57.142857142857146,0.0,1731357022.2775314
82.30107524507807,1.4716788316761482,57.142857142857146,0.0,1731357022.287954
83.95543850899458,1.4871351538242155,57.142857142857146,0.0,1731357022.2981892
85.42127066438711,1.4478611748450436,57.142857142857146,0.0,1731357022.3083322
86.88572445617562,1.4659893479222479,57.142857142857146,0.0,1731357022.3184068
88.15901219722625,1.4831813642104776,57.142857142857146,0.0,1731357022.3286154
89.20151902476587,1.553123571412585,57.142857142857146,0.0,1731357022.3392155
90.17034953396556,1.5266377077056719,57.142857142857146,0.0,1731357022.3496566
91.14338680333094,1.470282872174792,57.142857142857146,0.0,1731357022.35976
91.7477396312299,1.5170861921202168,57.142857142857146,0.0,1731357022.370298
92.68949967360928,1.4827498318979042,57.142857142857146,0.0,1731357022.3805344
93.14982520046452,1.4922247858009339,57.142857142857146,0.0,1731357022.3906238
93.84854925668716,1.515172175688786,57.142857142857146,0.0,1731357022.4007006
94.2437531763752,1.487985861770751,57.142857142857146,0.0,1731357022.4108036
94.86797434065703,1.4900185654738465,57.142857142857146,0.0,1731357022.4209514
95.1631102533222,1.4787217152196768,57.142857142857146,0.0,1731357022.4314895
95.5030921254454,1.499882752028507,57.142857142857146,0.0,1731357022.4418235
95.87546923579971,1.5160796375295111,57.142857142857146,0.0,1731357022.4519784
96.18687850701627,1.5266114302484697,57.142857142857146,0.0,1731357022.4623158
96.42245891090076,1.5007192954299213,57.142857142857146,0.0,1731357022.4730885
96.70045068087465,1.5008020554947779,57.142857142857146,0.0,1731357022.483339
97.18906447365391,1.4691039612597478,57.142857142857146,0.0,1731357022.4934871
97.38130683838408,1.4880172114158934,57.142857142857146,0.0,1731357022.5036027
97.62842982774768,1.5045144167962365,57.142857142857146,0.0,1731357022.5137439
97.69451030383311,1.5097905038501367,57.142857142857146,0.0,1731357022.5238235
97.85111396603206,1.5099100280611628,57.142857142857146,0.0,1731357022.533927
97.96761383013833,1.5043078037481032,57.142857142857146,0.0,1731357022.5444765
97.96698869373606,1.5124785069998974,57.142857142857146,0.0,1731357022.5545626
97.99131737674733,1.5027774911855913,57.142857142857146,0.0,1731357022.565092
97.9937512502963,1.5035712700285997,57.142857142857146,0.0,1731357022.575416
98.15598927842534,1.5058747417802179,57.142857142857146,0.0,1731357022.5859187
98.27913479732865,1.5213353102981202,57.142857142857146,0.0,1731357022.5967407
98.34174142179845,1.5359367398018053,57.142857142857146,0.0,1731357022.6069317
98.25659488952235,1.4990748160672314,57.142857142857146,0.0,1731357022.6170332
98.25809491315621,1.5154551322164456,57.142857142857146,0.0,1731357022.6271152
98.38552843514007,1.4909940925151328,57.142857142857146,0.0,1731357022.637198
98.3634717869918,1.492731066669228,57.142857142857146,0.0,1731357022.647409
98.53608650188299,1.5142510654592722,57.142857142857146,0.0,1731357022.6575232
98.7217314216892,1.4819490108290747,57.142857142857146,0.0,1731357022.667871
98.8343469747013,1.477050628661979,57.142857142857146,0.0,1731357022.678091
98.8412955401332,1.5130041803675087,57.142857142857146,0.0,1731357022.6883216
98.77788531339726,1.5180278898297799,57.142857142857146,0.0,1731357022.698621
99.02926873272361,1.5088013858637301,57.142857142857146,0.0,1731357022.7087748
99.03590794407685,1.5145703190403395,57.142857142857146,0.0,1731357022.7190454
99.05960480620213,1.4841741258790835,57.142857142857146,0.0,1731357022.7293668
99.03704185972074,1.5152110117319204,57.142857142857146,0.0,1731357022.7397358
99.06163957690438,1.5236756889883663,57.142857142857146,0.0,1731357022.7500587
99.06163957690438,1.5236756889883663,57.142857142857146,0.0,1731357022.7603457
99.19459157002763,1.5076435456355963,57.142857142857146,0.0,1731357022.7704794
99.1563476623156,1.5904763930923485,57.142857142857146,0.0,1731357022.7808924
99.0433947651376,1.5487194741712471,57.142857142857146,0.0,1731357022.7910485
99.06913851792604,1.5046760257080551,57.142857142857146,0.0,1731357022.8012464
99.21504806527844,1.5065148843331289,57.142857142857146,0.0,1731357022.8113399
99.20985160842542,1.5122764466897691,57.142857142857146,0.0,1731357022.8214078
99.15096980721789,1.4988898549876244,57.142857142857146,0.0,1731357022.8317847
99.07530292827838,1.531276145285524,57.142857142857146,0.0,1731357022.8420434
99.21377089570235,1.5215014222594472,57.142857142857146,0.0,1731357022.8521159
99.18692311106749,1.5056993545006048,57.142857142857146,0.0,1731357022.8622212
99.16560558277824,1.5061114636834503,57.142857142857146,0.0,1731357022.8727727
99.22206795591866,1.5040622359298836,57.142857142857146,0.0,1731357022.883334
99.1990842618209,1.5055728772917425,57.142857142857146,0.0,1731357022.8933992
99.07393810897646,1.5257404860325134,57.142857142857146,0.0,1731357022.9035
98.90899085692298,1.5224253153547265,57.142857142857146,0.0,1731357022.9138153
99.0848122958037,1.5181426668313864,57.142857142857146,0.0,1731357022.924011
99.04698812095113,1.5069095583304397,57.142857142857146,0.0,1731357022.9341705
99.12868848051416,1.5297104565412214,57.142857142857146,0.0,1731357022.9442408
99.26370964943027,1.5205550535460706,57.142857142857146,0.0,1731357022.9545617
99.22152433066937,1.4906152460922635,57.142857142857146,0.0,1731357022.9647434
99.10286839657735,1.5608678911557103,57.142857142857146,0.0,1731357022.9748755
99.08098510647612,1.497141193598059,57.142857142857146,0.0,1731357022.9853337
99.19881140059155,1.517304081551845,57.142857142857146,0.0,1731357022.9958823
99.20823663548246,1.4967285243171053,57.142857142857146,0.0,1731357023.0059748
99.34768815390899,1.502160364879409,57.142857142857146,0.0,1731357023.0163398
99.25155476163143,1.5269064556343033,57.142857142857146,0.0,1731357023.026567
99.10321500587848,1.506840872187252,57.142857142857146,0.0,1731357023.0370913
99.04864337203735,1.5285304345856123,57.142857142857146,0.0,1731357023.047323
99.04240004184064,1.4975224863700536,57.142857142857146,0.0,1731357023.0574958
99.07852415336814,1.5120058424850285,57.142857142857146,0.0,1731357023.067567
98.8029035335302,1.5316014199292038,57.142857142857146,0.0,1731357023.0780423
98.93562770071166,1.4873639046395737,57.142857142857146,0.0,1731357023.0883923
98.87060806041002,1.4799838918281794,57.142857142857146,0.0,1731357023.0985534
98.74516292808806,1.5085027974959455,57.142857142857146,0.0,1731357023.1087127
98.82044099012089,1.497943334269784,57.142857142857146,0.0,1731357023.118849
98.86810948341027,1.5318155527323671,57.142857142857146,0.0,1731357023.129028
99.01566158617807,1.5221321887798764,57.142857142857146,0.0,1731357023.1391575
98.82636201724692,1.5367249266973746,57.142857142857146,0.0,1731357023.1494749
98.95900408090495,1.4994428196690461,57.142857142857146,0.0,1731357023.1595545
99.01174075869947,1.4829056361899935,57.142857142857146,0.0,1731357023.1696987
99.07325217485113,1.5017222329983881,57.142857142857146,0.0,1731357023.1797924
99.12346047812501,1.5038264418000469,57.142857142857146,0.0,1731357023.1901777
99.07021836777571,1.5206995918112955,57.142857142857146,0.0,1731357023.2005572
98.89753017845989,1.4858354492762995,57.142857142857146,0.0,1731357023.211122
98.856683208913,1.517177962766885,57.142857142857146,0.0,1731357023.2211866
98.81639908565265,1.5039030089633252,57.142857142857146,0.0,1731357023.231622
98.87953362597699,1.5612749981179987,57.142857142857146,0.0,1731357023.242015
98.86204881721538,1.519484637935817,57.142857142857146,0.0,1731357023.2521522
99.00596094973038,1.5072001246321212,57.142857142857146,0.0,1731357023.26273
98.88398184353578,1.5089089418078638,57.142857142857146,0.0,1731357023.2732613
99.04678721940425,1.5405926362456763,57.142857142857146,0.0,1731357023.28385
98.9652707990172,1.4600473414480863,57.142857142857146,0.0,1731357023.2941113
98.66076776205834,1.4996130322850791,57.142857142857146,0.0,1731357023.3046553
98.52740606358883,1.5183462863861144,57.142857142857146,0.0,1731357023.3147786
98.60647051078664,1.5201466955040461,57.142857142857146,0.0,1731357023.324911
98.66858038867504,1.5272055710684445,57.142857142857146,0.0,1731357023.3353102
98.67304183922445,1.484469346748061,57.142857142857146,0.0,1731357023.3459356
98.73478738274689,1.5259586775714833,57.142857142857146,0.0,1731357023.3560255
98.75169177002091,1.524980655546456,57.142857142857146,0.0,1731357023.3664324
98.79370940760033,1.5366605982988852,57.142857142857146,0.0,1731357023.3766263
98.6789021016644,1.496270548775535,57.142857142857146,0.0,1731357023.3871505
98.82321406612259,1.5152944356381743,57.142857142857146,0.0,1731357023.397342
98.92486903759196,1.5133056562251177,57.142857142857146,0.0,1731357023.4077003
99.02297585491831,1.5355341618536775,57.142857142857146,0.0,1731357023.4180167
99.20072682435853,1.4984124595684412,57.142857142857146,0.0,1731357023.4283383
99.18016900394227,1.5298775295750202,57.142857142857146,0.0,1731357023.4384372
99.20654564925798,1.520463922362034,57.142857142857146,0.0,1731357023.4485493
99.18992080953427,1.5217817900596193,57.142857142857146,0.0,1731357023.4591267
99.14646316441912,1.5071037069045303,57.142857142857146,0.0,1731357023.469226
99.22314918829491,1.5035717424665098,57.142857142857146,0.0,1731357023.4793637
99.11730874055681,1.491940588225094,57.142857142857146,0.0,1731357023.489755
99.08871570184436,1.4842148561277073,57.142857142857146,0.0,1731357023.499865
99.06255204964242,1.549344677734342,57.142857142857146,0.0,1731357023.5099554
99.10061073216134,1.5313601258632517,57.142857142857146,0.0,1731357023.520072
98.97749720887498,1.5229873179301,57.142857142857146,0.0,1731357023.5306184
99.14891955176608,1.5109309882226332,57.142857142857146,0.0,1731357023.5407357
99.12302545148869,1.4923808338472704,57.142857142857146,0.0,1731357023.550811
99.1692308782874,1.479448153745849,57.142857142857146,0.0,1731357023.561002
99.15990875712035,1.5039948589811043,57.142857142857146,0.0,1731357023.5714827
99.13137868696776,1.5188318069668576,57.142857142857146,0.0,1731357023.58204
98.97518082853072,1.507007746110484,57.142857142857146,0.0,1731357023.5922904
99.05294288327399,1.545876774161239,57.142857142857146,0.0,1731357023.6027858
98.92313714561328,1.5158377480603524,57.142857142857146,0.0,1731357023.6130757
99.00032661185911,1.512086967853991,57.142857142857146,0.0,1731357023.6232567
99.0293816515073,1.490171125257125,57.142857142857146,0.0,1731357023.6334507
99.00804896623401,1.5287356272472274,57.142857142857146,0.0,1731357023.6436443
99.0744499270218,1.532756982362986,57.142857142857146,0.0,1731357023.6538298
99.16522909782408,1.503340223551799,57.142857142857146,0.0,1731357023.6644456
99.16676291087651,1.5335577806423715,57.142857142857146,0.0,1731357023.67457
99.16678662433101,1.5343225677149723,57.142857142857146,0.0,1731357023.6850758
99.22867200398895,1.492091854115484,57.142857142857146,0.0,1731357023.6953816
99.12255719665734,1.4776239985868944,57.142857142857146,0.0,1731357023.7058747
99.08691815908196,1.522410160290877,57.142857142857146,0.0,1731357023.7159996
99.13285015629485,1.5089603046424431,57.142857142857146,0.0,1731357023.7262003
99.13285015629485,1.5089603046424431,57.142857142857146,0.0,1731357023.7363229
99.19341908577216,1.5000507888821673,57.142857142857146,0.0,1731357023.7471833
99.1585677826885,1.4834362167285604,57.142857142857146,0.0,1731357023.7574582
99.1585677826885,1.4834362167285604,57.142857142857146,0.0,1731357023.7678363
99.20086573743014,1.4917623092134735,57.142857142857146,0.0,1731357023.7786496
99.20086573743014,1.4917623092134735,57.142857142857146,0.0,1731357023.788887
99.32641031329479,1.4886059610981377,57.142857142857146,0.0,1731357023.7994113
99.35926369455547,1.5052218302382936,57.142857142857146,0.0,1731357023.8099515
99.31837055694305,1.5251594381894016,57.142857142857146,0.0,1731357023.8202593
99.24526301031294,1.4858158234080328,57.142857142857146,0.0,1731357023.8305025
99.25516702434223,1.5058562816203855,57.142857142857146,0.0,1731357023.8406034
99.04115120710158,1.5266892233155507,57.142857142857146,0.0,1731357023.8508337
99.0666237552563,1.5334223894384467,57.142857142857146,0.0,1731357023.861036
99.06972097701232,1.4978539681948901,57.142857142857146,0.0,1731357023.87108
99.11833944897693,1.538893559899,57.142857142857146,0.0,1731357023.8815687
99.13341578008031,1.5212198224489417,57.142857142857146,0.0,1731357023.8916962
99.24818027803038,1.5258151137881504,57.142857142857146,0.0,1731357023.9020104
99.26014042838658,1.4877215355953768,57.142857142857146,0.0,1731357023.9123256
99.28177424146179,1.4952048907433027,57.142857142857146,0.0,1731357023.9224682
99.3585231521067,1.495703263867678,57.142857142857146,0.0,1731357023.9330053
99.15479724941747,1.4984136538587958,57.142857142857146,0.0,1731357023.9430766
98.97273797391178,1.5280931501043207,57.142857142857146,0.0,1731357023.9534643
99.07859054194284,1.5217476079711791,57.142857142857146,0.0,1731357023.963986
99.1765015193843,1.4829249916436364,57.142857142857146,0.0,1731357023.9742765
99.44160800656016,1.5013955013778597,57.142857142857146,0.0,1731357023.984485
99.38574423990235,1.5098241424245258,57.142857142857146,0.0,1731357023.9945476
99.45075999348518,1.5131439784068936,57.142857142857146,0.0,1731357024.005028
99.4242483691972,1.5169480367679562,57.142857142857146,0.0,1731357024.0153131
99.21752828188833,1.5563594177696871,57.142857142857146,0.0,1731357024.025599
99.34809093019227,1.498902340836382,57.142857142857146,0.0,1731357024.0357249
99.27529056490168,1.5078073030053292,57.142857142857146,0.0,1731357024.0459912
99.24320827007946,1.5155513614017748,57.142857142857146,0.0,1731357024.0561314
99.40762823775732,1.4879802581005077,57.142857142857146,0.0,1731357024.0661955
99.56725746076637,1.5157475175871051,57.142857142857146,0.0,1731357024.0762856
99.56887251249978,1.5344718820363281,57.142857142857146,0.0,1731357024.0863836
99.55662005894838,1.4996300291355047,57.142857142857146,0.0,1731357024.0967383
99.4769078106948,1.5260660513079143,57.142857142857146,0.0,1731357024.1073163
99.35247282360113,1.5242973857010311,57.142857142857146,0.0,1731357024.1175911
99.42090210000288,1.5403098323100028,57.142857142857146,0.0,1731357024.127664
99.37517119983076,1.5274278841459485,57.142857142857146,0.0,1731357024.13775
99.40941472516809,1.5409934494240254,57.142857142857146,0.0,1731357024.1483169
99.38827060262872,1.4906156345495882,57.142857142857146,0.0,1731357024.158409
99.34467532478214,1.5194564426667023,57.142857142857146,0.0,1731357024.1685328
99.35790775823219,1.5076943245473844,57.142857142857146,0.0,1731357024.1786473
99.42203469401086,1.4850905216283314,57.142857142857146,0.0,1731357024.1887782
99.37316551924098,1.5253146566137896,57.142857142857146,0.0,1731357024.1988428
99.14178420863497,1.5006600237257892,85.71428571428571,0.0,1731357024.209402
104.28859691332018,2.060604811845291,85.71428571428571,0.0,1731357024.2194622
109.03992158726149,2.1215039359118366,85.71428571428571,0.0,1731357024.229728
113.3959591209207,2.109056206728189,85.71428571428571,0.0,1731357024.2403219
117.36252651681806,2.0953545615524556,85.71428571428571,0.0,1731357024.2508597
120.72584799551676,2.1294713245271386,85.71428571428571,0.0,1731357024.2613146
123.61393010425678,2.143789999774627,85.71428571428571,0.0,1731357024.271428
126.22001672963135,2.1251677067637065,85.71428571428571,0.0,1731357024.2816148
128.64949055147815,2.1374052904765346,85.71428571428571,0.0,1731357024.2921522
130.78150942673565,2.1629206451495753,85.71428571428571,0.0,1731357024.3025324
132.6288250532623,2.165013327390242,85.71428571428571,0.0,1731357024.3128307
134.4735312477441,2.1184060769363597,85.71428571428571,0.0,1731357024.3229907
135.86090915185184,2.1570605107143015,85.71428571428571,0.0,1731357024.3333828
137.1651054193211,2.1418470936093366,85.71428571428571,0.0,1731357024.3434892
138.73578286528638,2.1360172943305167,85.71428571428571,0.0,1731357024.3538573
139.92775544731532,2.1361535033375936,85.71428571428571,0.0,1731357024.3641093
140.8953661924302,2.1426573004858067,85.71428571428571,0.0,1731357024.374302
141.6234464891337,2.161549798187585,85.71428571428571,0.0,1731357024.3847706
142.36388626566634,2.1564049252202198,85.71428571428571,0.0,1731357024.3949203
143.02765664195704,2.1176633886571126,85.71428571428571,0.0,1731357024.405336
143.6731655492888,2.1559726882573775,85.71428571428571,0.0,1731357024.4158258
144.29277703220617,2.1492498354156053,85.71428571428571,0.0,1731357024.4259236
144.78755510225287,2.141960237291312,85.71428571428571,0.0,1731357024.4361262
145.44152395048752,2.1312916494762244,85.71428571428571,0.0,1731357024.446679
145.44152395048752,2.1312916494762244,85.71428571428571,0.0,1731357024.45684
145.87825534503796,2.1784486530671496,85.71428571428571,0.0,1731357024.4671383
146.17079812986438,2.1785204906964997,85.71428571428571,0.0,1731357024.4772165
146.52473208700602,2.168241088662789,85.71428571428571,0.0,1731357024.4872837
146.80693084616453,2.149770865252002,85.71428571428571,0.0,1731357024.4974961
146.92700182784228,2.155961478122388,85.71428571428571,0.0,1731357024.50779
147.13988522817297,2.1551530480798973,85.71428571428571,0.0,1731357024.5180998
147.29190589090595,2.1891959727779082,85.71428571428571,0.0,1731357024.5282102
147.55058530780698,2.151120835104639,85.71428571428571,0.0,1731357024.538325
147.54840810768556,2.1759211067721203,85.71428571428571,0.0,1731357024.548877
147.6790386599212,2.1199686671287403,85.71428571428571,0.0,1731357024.5589702
147.69122113094465,2.1615880792498574,85.71428571428571,0.0,1731357024.5694458
147.8744917358044,2.158627784404501,85.71428571428571,0.0,1731357024.579641
147.77913132070634,2.149638043891174,85.71428571428571,0.0,1731357024.5898292
147.90832868158108,2.159845497534743,85.71428571428571,0.0,1731357024.600185
147.7472990043335,2.1730244286161375,85.71428571428571,0.0,1731357024.610607
147.90603920501488,2.1916607372536263,85.71428571428571,0.0,1731357024.6206686
147.9730641351255,2.1941437815832754,85.71428571428571,0.0,1731357024.6309998
148.078976219786,2.191154545483823,85.71428571428571,0.0,1731357024.641241
148.19454960926646,2.1554166630086176,85.71428571428571,0.0,1731357024.6517432
148.21032364992112,2.18383111402847,85.71428571428571,0.0,1731357024.661992
148.36008110285283,2.1501218215187534,85.71428571428571,0.0,1731357024.6722045
148.2053920655095,2.174049230399481,85.71428571428571,0.0,1731357024.6827886
148.5291343190505,2.202940828807653,85.71428571428571,0.0,1731357024.6928687
148.41410480713074,2.157646882911078,85.71428571428571,0.0,1731357024.7030988
148.50001200166014,2.1713860048563443,85.71428571428571,0.0,1731357024.7135193
148.5127869494246,2.1898907164473123,85.71428571428571,0.0,1731357024.7236328
148.48367417738703,2.1753744204834375,85.71428571428571,0.0,1731357024.7338526
148.7086211405376,2.179658879525783,85.71428571428571,0.0,1731357024.7439704
148.69317535649415,2.1856630044320235,85.71428571428571,0.0,1731357024.7540865
148.5584654945679,2.158631808834262,85.71428571428571,0.0,1731357024.764234
148.6407160896375,2.1920851370057957,85.71428571428571,0.0,1731357024.7743745
148.64471352451912,2.179379669701049,85.71428571428571,0.0,1731357024.7846057
148.7561357424926,2.1630698827052615,85.71428571428571,0.0,1731357024.7946882
148.7611466833783,2.1862251386226967,85.71428571428571,0.0,1731357024.8047845
148.66570978709032,2.1653066811437918,85.71428571428571,0.0,1731357024.8149831
148.83551824503658,2.1817873890144646,85.71428571428571,0.0,1731357024.8251765
149.05746560255392,2.1646762638079737,85.71428571428571,0.0,1731357024.83526
149.26935472838719,2.1390111901513262,85.71428571428571,0.0,1731357024.845806
149.2383495265195,2.1745002448766875,85.71428571428571,0.0,1731357024.8560438
149.1509850591512,2.1793726856024804,85.71428571428571,0.0,1731357024.8662152
149.17189744113557,2.1772449103862233,85.71428571428571,0.0,1731357024.8764422
149.2656337239271,2.1456853946767924,85.71428571428571,0.0,1731357024.8869429
149.2087886514939,2.168496230288635,85.71428571428571,0.0,1731357024.8974771
149.31785089170205,2.1591986759628967,85.71428571428571,0.0,1731357024.9080691
149.06893344095207,2.1725364644598315,85.71428571428571,0.0,1731357024.9181767
148.92212226225314,2.149027210879394,85.71428571428571,0.0,1731357024.9284196
148.93263582907878,2.204908202132711,85.71428571428571,0.0,1731357024.9389737
148.98712682086526,2.155398103635526,85.71428571428571,0.0,1731357024.9490616
149.10200033256478,2.196757536635657,85.71428571428571,0.0,1731357024.9596515
149.11146824557954,2.1566886582243523,85.71428571428571,0.0,1731357024.969718
149.0313119978504,2.212599339084932,85.71428571428571,0.0,1731357024.980046
149.03650329999743,2.1742380788364235,85.71428571428571,0.0,1731357024.9901586
149.32481400495064,2.1712725922169422,85.71428571428571,0.0,1731357025.0007048
149.24388055096412,2.184153403262055,85.71428571428571,0.0,1731357025.011183
149.31696437139297,2.159710530162884,85.71428571428571,0.0,1731357025.021413
149.24815796387298,2.1523968784719307,85.71428571428571,0.0,1731357025.031938
149.30516154779545,2.1900433102869004,85.71428571428571,0.0,1731357025.0420127
149.17264069401966,2.185233729050018,85.71428571428571,0.0,1731357025.0525632
149.21021493881847,2.1809851781173824,85.71428571428571,0.0,1731357025.0631332
149.06374834370718,2.1717644423806792,85.71428571428571,0.0,1731357025.0731065
149.2478955393592,2.1044147122169496,85.71428571428571,0.0,1731357025.0832524
149.43338264280354,2.147128839360917,85.71428571428571,0.0,1731357025.0934317
149.31982079049519,2.142341542983399,85.71428571428571,0.0,1731357025.1035454
149.36631659734113,2.162419405426014,85.71428571428571,0.0,1731357025.1140513
149.326231452741,2.175778760504266,85.71428571428571,0.0,1731357025.124197
149.23044105878023,2.189031453798193,85.71428571428571,0.0,1731357025.1346948
149.22864897164183,2.1642922161844766,85.71428571428571,0.0,1731357025.1447496
149.34204801206852,2.165907531608627,85.71428571428571,0.0,1731357025.1552064
149.3220894873699,2.1871665380632135,85.71428571428571,0.0,1731357025.165746
149.21202698632342,2.2335190592115994,85.71428571428571,0.0,1731357025.1762264
149.3090910324563,2.153454450388437,85.71428571428571,0.0,1731357025.1863286
149.27284801536283,2.175657172543612,85.71428571428571,0.0,1731357025.1966028
149.28966556531552,2.2027577484150602,85.71428571428571,0.0,1731357025.207107
149.34004032476827,2.193471488423535,85.71428571428571,0.0,1731357025.2172232
149.29592695156256,2.1906280719078497,85.71428571428571,0.0,1731357025.227455
149.2267105270044,2.1985968020580415,85.71428571428571,0.0,1731357025.2377613
149.3251595254328,2.1482686099630692,85.71428571428571,0.0,1731357025.2482972
149.2807891122384,2.161258135448902,85.71428571428571,0.0,1731357025.2588308
149.29268857409966,2.133515900462724,85.71428571428571,0.0,1731357025.2689357
149.29268857409966,2.133515900462724,85.71428571428571,0.0,1731357025.27954
149.12134526984315,2.1944899618999734,85.71428571428571,0.0,1731357025.289757
149.22114314577345,2.179064861651421,85.71428571428571,0.0,1731357025.2998302
149.05821481794675,2.1874483254567676,85.71428571428571,0.0,1731357025.3102083
148.99693986955188,2.1489589650491205,85.71428571428571,0.0,1731357025.32032
148.9522178756476,2.1861753623224143,85.71428571428571,0.0,1731357025.3306468
148.95296045341703,2.15674494091884,85.71428571428571,0.0,1731357025.340824
148.8713455217626,2.2007077787181606,85.71428571428571,0.0,1731357025.3511934
148.89571898861783,2.1821531341477898,85.71428571428571,0.0,1731357025.3617313
148.9877223453288,2.1683598639365593,85.71428571428571,0.0,1731357025.3718255
149.06285988505763,2.1519771717626415,85.71428571428571,0.0,1731357025.3820813
149.04101194196338,2.174028622946962,85.71428571428571,0.0,1731357025.3921554
148.8975969793637,2.147067596718217,85.71428571428571,0.0,1731357025.4022498
149.09701851853032,2.1722287142448993,85.71428571428571,0.0,1731357025.412686
149.1447293826342,2.159851503692436,85.71428571428571,0.0,1731357025.422909
149.20551204810803,2.179476524880853,85.71428571428571,0.0,1731357025.4329665
149.1321815642914,2.1744758606234202,85.71428571428571,0.0,1731357025.4430583
149.0907080280922,2.1553477817602875,85.71428571428571,0.0,1731357025.4531574
149.2031591491593,2.1730706606151813,85.71428571428571,0.0,1731357025.463405
149.06500101286272,2.1966829413131115,85.71428571428571,0.0,1731357025.473502
149.04939292399067,2.1619325722996217,85.71428571428571,0.0,1731357025.483891
149.11342238642354,2.189101056448266,85.71428571428571,0.0,1731357025.493991
149.1973214857588,2.1778529667928757,85.71428571428571,0.0,1731357025.5044491
149.0030119807055,2.149184411956651,85.71428571428571,0.0,1731357025.5147943
149.01305932409363,2.1314709950990895,85.71428571428571,0.0,1731357025.524907
149.13469677324244,2.228831116859718,85.71428571428571,0.0,1731357025.5349965
149.0865291276969,2.143850755943091,85.71428571428571,0.0,1731357025.5455573
149.09758229964777,2.164217791905749,85.71428571428571,0.0,1731357025.555666
149.00892480683245,2.186281763680366,85.71428571428571,0.0,1731357025.566207
148.84811239205254,2.1726505545399544,85.71428571428571,0.0,1731357025.576558
148.94189328394046,2.1657400920351395,85.71428571428571,0.0,1731357025.586686
148.96422583359848,2.140866445743412,85.71428571428571,0.0,1731357025.597242
148.77085929550455,2.1600301878574557,85.71428571428571,0.0,1731357025.6073668
148.56905348907932,2.1723579288107526,85.71428571428571,0.0,1731357025.6178942
148.5316833848576,2.1807342551785047,85.71428571428571,0.0,1731357025.6280644
148.6621112332449,2.160794523918938,85.71428571428571,0.0,1731357025.6381567
148.64843817150975,2.1670988833099463,85.71428571428571,0.0,1731357025.6483154
148.69624330721564,2.1680109905253477,85.71428571428571,0.0,1731357025.658475
148.62449083392102,2.1644418326015638,85.71428571428571,0.0,1731357025.66891
148.83389677952584,2.157524338721243,85.71428571428571,0.0,1731357025.6791708
148.8392394190414,2.166458173102514,85.71428571428571,0.0,1731357025.6896753
148.94484232330805,2.177293936990411,85.71428571428571,0.0,1731357025.700196
149.0486949131113,2.175240393319673,85.71428571428571,0.0,1731357025.7102845
149.10565109985163,2.1725134558211487,85.71428571428571,0.0,1731357025.7203681
149.0874954591543,2.1759144658018887,85.71428571428571,0.0,1731357025.730515
149.03855106568352,2.167144299661037,85.71428571428571,0.0,1731357025.7406428
149.01768656045664,2.1719761542850673,85.71428571428571,0.0,1731357025.750761
148.98240888275063,2.1564390052116353,85.71428571428571,0.0,1731357025.7612457
148.8494657567779,2.1532142892071957,85.71428571428571,0.0,1731357025.7716136
148.86931031998336,2.1591295702165314,85.71428571428571,0.0,1731357025.7821238
148.8663629760275,2.1549027883437564,85.71428571428571,0.0,1731357025.7921987
148.83474990457813,2.1811644634614473,85.71428571428571,0.0,1731357025.8022635
149.01455459480363,2.1833956248615745,85.71428571428571,0.0,1731357025.8126285
149.13199086117905,2.211809077750317,85.71428571428571,0.0,1731357025.8229094
149.1896180827595,2.172619456729866,85.71428571428571,0.0,1731357025.8331454
149.048132413154,2.224588769474991,85.71428571428571,0.0,1731357025.843268
148.97248235925153,2.202337724231549,85.71428571428571,0.0,1731357025.8537023
148.9326137134473,2.1928893458955354,85.71428571428571,0.0,1731357025.8639941
148.9559447351273,2.14907980501895,85.71428571428571,0.0,1731357025.8740716
148.93872701892556,2.158801037317723,85.71428571428571,0.0,1731357025.8841677
149.15411107444862,2.1171649024108676,85.71428571428571,0.0,1731357025.8947663
149.08097774938565,2.1247709343681613,85.71428571428571,0.0,1731357025.9052334
148.992749936958,2.17097840446805,85.71428571428571,0.0,1731357025.915412
148.8878599143891,2.138710018193506,85.71428571428571,0.0,1731357025.9257154
148.94198037631548,2.1823634143528783,85.71428571428571,0.0,1731357025.9357643
148.97271314545245,2.2125301470274787,85.71428571428571,0.0,1731357025.9459894
148.99590753992206,2.1855209997522222,85.71428571428571,0.0,1731357025.9561796
149.0166052758071,2.153697370906668,85.71428571428571,0.0,1731357025.9662466
149.0449424594083,2.155916700001832,85.71428571428571,0.0,1731357025.976812
148.94831177804394,2.195278553626641,85.71428571428571,0.0,1731357025.987094
148.8578673372557,2.2083788143401755,85.71428571428571,0.0,1731357025.9974208
148.97028750604025,2.1542593908101764,85.71428571428571,0.0,1731357026.0075154
148.8174543143923,2.1840491621760583,85.71428571428571,0.0,1731357026.0179262
148.73104381744605,2.1764954074078156,85.71428571428571,0.0,1731357026.0279856
148.69684467226153,2.1405790206572894,85.71428571428571,0.0,1731357026.038204
148.67511570170862,2.1665442507897184,85.71428571428571,0.0,1731357026.048498
148.52615799937098,2.171704413864384,85.71428571428571,0.0,1731357026.0587912
148.64007379603524,2.1398335878656587,85.71428571428571,0.0,1731357026.069306
148.53981399146673,2.1738424545094257,85.71428571428571,0.0,1731357026.0795991
148.67240247400323,2.188357476519909,85.71428571428571,0.0,1731357026.089919
148.476901773953,2.1494385352376386,85.71428571428571,0.0,1731357026.100432
148.3354509818399,2.175588947620738,85.71428571428571,0.0,1731357026.1110456
148.41916509469775,2.1620700832395516,85.71428571428571,0.0,1731357026.1211827
148.64831196321273,2.201188470199525,85.71428571428571,0.0,1731357026.1316082
148.6914741456066,2.1588441414317274,85.71428571428571,0.0,1731357026.1421213
148.47074222321376,2.161210851318302,85.71428571428571,0.0,1731357026.1524632
148.5622503901406,2.183489979575883,85.71428571428571,0.0,1731357026.1626513
148.73048992391304,2.167034630949938,85.71428571428571,0.0,1731357026.1731863
148.7418566680081,2.1554886561539814,85.71428571428571,0.0,1731357026.183701
148.88441004287364,2.1494910265194194,85.71428571428571,0.0,1731357026.1939528
148.88441004287364,2.1494910265194194,85.71428571428571,0.0,1731357026.2041519
148.82688525332838,2.191388938084389,85.71428571428571,0.0,1731357026.2142432
149.08651674965145,2.182879686015676,85.71428571428571,0.0,1731357026.224329
148.94745641058807,2.173235966594131,42.857142857142854,0.0,1731357026.2348802
141.13234502549201,1.3076017101641142,42.857142857142854,0.0,1731357026.2450094
134.14653716815738,1.2558132075695525,42.857142857142854,0.0,1731357026.255095
127.96116953338756,1.268830928187983,42.857142857142854,0.0,1731357026.2656481
122.25533857697904,1.274098266338074,42.857142857142854,0.0,1731357026.276215
117.1994967080089,1.2388052632744135,42.857142857142854,0.0,1731357026.2863522
112.32034935591204,1.2231738958075156,42.857142857142854,0.0,1731357026.2968671
108.32604215467946,1.2106198450723946,42.857142857142854,0.0,1731357026.3070352
104.83954809092573,1.2224889909963177,42.857142857142854,0.0,1731357026.317613
101.61874638116413,1.2375260264405978,42.857142857142854,0.0,1731357026.327705
98.57323925027924,1.23915042124644,42.857142857142854,0.0,1731357026.3382494
96.06619394587267,1.1964429442707045,42.857142857142854,0.0,1731357026.3485417
93.89542591353866,1.2228198968707855,42.857142857142854,0.0,1731357026.358623
91.88882401103984,1.225607742522875,42.857142857142854,0.0,1731357026.368789
90.05816512735477,1.1917434253419992,42.857142857142854,0.0,1731357026.3791037
88.46864578082463,1.212099192727977,42.857142857142854,0.0,1731357026.3892617
87.08472476904255,1.215375001876182,42.857142857142854,0.0,1731357026.3995144
85.72184703971385,1.1831757549847566,42.857142857142854,0.0,1731357026.4098897
84.41958915759001,1.1705865028093476,42.857142857142854,0.0,1731357026.4200914
83.13260854468645,1.1754178446202868,42.857142857142854,0.0,1731357026.4303415
82.27939030629045,1.2350595040585826,42.857142857142854,0.0,1731357026.4404318
81.32014916405542,1.189533992705127,42.857142857142854,0.0,1731357026.450516
80.64182399115049,1.1819884021866072,42.857142857142854,0.0,1731357026.4608288
80.08958567584948,1.1988790895309072,42.857142857142854,0.0,1731357026.4710343
79.56359351528523,1.2060800238863163,42.857142857142854,0.0,1731357026.4811275
79.02120850184416,1.1872442700245731,42.857142857142854,0.0,1731357026.4913683
78.82203597506745,1.1777660986274943,42.857142857142854,0.0,1731357026.5015182
78.14664945083315,1.2179250326737954,42.857142857142854,0.0,1731357026.511615
77.8137562506799,1.1869273359856192,42.857142857142854,0.0,1731357026.5217507
77.4328786769018,1.2075875261170115,42.857142857142854,0.0,1731357026.532017
76.93046525198172,1.2054910224537163,42.857142857142854,0.0,1731357026.5422366
76.64698920189021,1.1758668325300092,42.857142857142854,0.0,1731357026.5523334
76.21045489765815,1.1909944783591455,42.857142857142854,0.0,1731357026.562736
75.9538360013372,1.1692911303310154,42.857142857142854,0.0,1731357026.572891
75.68131082403015,1.1753223131888122,42.857142857142854,0.0,1731357026.5832982
75.43383900485166,1.2230322432029188,42.857142857142854,0.0,1731357026.5938506
75.19241850300153,1.1889601955433546,42.857142857142854,0.0,1731357026.603928
74.97445404999401,1.1751264922896298,42.857142857142854,0.0,1731357026.614103
74.93176603603929,1.1645994307665084,42.857142857142854,0.0,1731357026.6242595
74.8091732775477,1.1791571861739631,42.857142857142854,0.0,1731357026.6347628
74.79735159675053,1.1912519622334812,42.857142857142854,0.0,1731357026.645
74.75433505921677,1.153330972554066,42.857142857142854,0.0,1731357026.655192
74.57401195547875,1.1930567772463703,42.857142857142854,0.0,1731357026.6653738
74.59945270124878,1.1975485889064683,42.857142857142854,0.0,1731357026.6754646
74.55452015337602,1.1545957452905218,42.857142857142854,0.0,1731357026.6856158
74.50557487588978,1.1752957627724576,42.857142857142854,0.0,1731357026.695773
74.39218106410917,1.170892128200324,42.857142857142854,0.0,1731357026.7059715
74.38906801845823,1.1797811276918466,42.857142857142854,0.0,1731357026.716338
74.49067151186173,1.1332713893926751,42.857142857142854,0.0,1731357026.726497
74.23764633449382,1.1871745195311338,42.857142857142854,0.0,1731357026.7367363
74.35922415833124,1.1940375611400424,42.857142857142854,0.0,1731357026.7470295
74.36764420841034,1.1699552729776264,42.857142857142854,0.0,1731357026.757268
74.31354983411973,1.217771004122247,42.857142857142854,0.0,1731357026.7678003
74.37430679753342,1.2082622175510016,42.857142857142854,0.0,1731357026.7780638
74.31727253002448,1.1720095037617089,42.857142857142854,0.0,1731357026.7884235
74.23721564331662,1.1747250307488744,42.857142857142854,0.0,1731357026.7988412
74.41202544082084,1.1758036131216247,42.857142857142854,0.0,1731357026.8093755
74.368994213331,1.1709746493444744,42.857142857142854,0.0,1731357026.8198588
74.31430756450237,1.1593468059336545,42.857142857142854,0.0,1731357026.8304327
74.14025533211284,1.1694481478947416,42.857142857142854,0.0,1731357026.8408773
74.09640703893112,1.1728087024119336,42.857142857142854,0.0,1731357026.8513112
74.06462209861763,1.1729237453057684,42.857142857142854,0.0,1731357026.8615003
73.9123964091798,1.188335274786503,42.857142857142854,0.0,1731357026.8717806
74.02389857010313,1.1927813126999995,42.857142857142854,0.0,1731357026.8824985
73.83373643153679,1.2017606416838689,42.857142857142854,0.0,1731357026.8927414
73.73137876884756,1.2257008162144212,42.857142857142854,0.0,1731357026.902958
73.6295479604348,1.1907730200154016,42.857142857142854,0.0,1731357026.9132943
73.59203583642525,1.1911496310467429,42.857142857142854,0.0,1731357026.923609
73.69790752704849,1.1793117022795165,42.857142857142854,0.0,1731357026.9339778
73.7460663062151,1.1575547998464584,42.857142857142854,0.0,1731357026.9442003
73.7483788319319,1.1675471893347413,42.857142857142854,0.0,1731357026.9544654
73.6801539203676,1.1765441592467707,42.857142857142854,0.0,1731357026.964612
73.72291081091643,1.191895305547477,42.857142857142854,0.0,1731357026.9750335
73.6487962422677,1.1737453347309417,42.857142857142854,0.0,1731357026.9852061
73.6487962422677,1.1737453347309417,42.857142857142854,0.0,1731357026.9957263
73.6516018612716,1.1962885288557132,42.857142857142854,0.0,1731357027.0058804
73.63145354706106,1.2018920265521074,42.857142857142854,0.0,1731357027.0161798
73.58974116774192,1.1529028328636288,42.857142857142854,0.0,1731357027.026688
73.5404828743891,1.1968612270783943,42.857142857142854,0.0,1731357027.0370913
73.68031132940004,1.158006192644282,42.857142857142854,0.0,1731357027.0472977
73.73545093405932,1.2027062328618503,42.857142857142854,0.0,1731357027.0574849
73.7360305973427,1.1956940245415881,42.857142857142854,0.0,1731357027.0678217
73.62105796760159,1.170511491908072,42.857142857142854,0.0,1731357027.0781562
73.54749576563201,1.1923497981361557,42.857142857142854,0.0,1731357027.0886645
73.49125177401903,1.2041979344329679,42.857142857142854,0.0,1731357027.0988657
73.59484841406208,1.1942762064564751,42.857142857142854,0.0,1731357027.1090288
73.8136273010954,1.1987537727754847,42.857142857142854,0.0,1731357027.1194663
73.84008679791788,1.1699609683728933,42.857142857142854,0.0,1731357027.1299887
73.695643749294,1.1987829104969852,42.857142857142854,0.0,1731357027.1404881
73.65327883429813,1.1860468313197752,42.857142857142854,0.0,1731357027.150585
73.90951972603155,1.1853687560005532,42.857142857142854,0.0,1731357027.1607864
73.91341846468104,1.13602806555137,42.857142857142854,0.0,1731357027.170868
73.78241986772534,1.1777363828687863,42.857142857142854,0.0,1731357027.1811326
73.87487482990257,1.1762572383557732,42.857142857142854,0.0,1731357027.1916802
73.9174116952817,1.1665864344280783,42.857142857142854,0.0,1731357027.2017853
74.11413221171927,1.2023123949516574,42.857142857142854,0.0,1731357027.2118723
74.10550935906261,1.2080741677119722,42.857142857142854,0.0,1731357027.221969
74.11281427297997,1.169373692034016,42.857142857142854,0.0,1731357027.232455
74.06928212959315,1.1920541246737182,42.857142857142854,0.0,1731357027.2427683
74.07858298393053,1.2232831458048379,42.857142857142854,0.0,1731357027.2528896
73.95052530150993,1.1623057577868696,42.857142857142854,0.0,1731357027.264618
73.97296647061098,1.1439036818877986,42.857142857142854,0.0,1731357027.276678
73.9851284972081,1.1932650223237604,42.857142857142854,0.0,1731357027.2914555
74.15807209860769,1.2071371075209598,42.857142857142854,0.0,1731357027.3016093
74.04240110515518,1.1505415352448554,42.857142857142854,0.0,1731357027.3122182
73.92303159625546,1.1999918477241511,42.857142857142854,0.0,1731357027.322711
73.87649003515182,1.1516091042843006,42.857142857142854,0.0,1731357027.333264
74.06309104578155,1.203092129589634,42.857142857142854,0.0,1731357027.343403
74.00147469209149,1.1900562045033558,42.857142857142854,0.0,1731357027.353713
73.82939080441463,1.16288065394101,42.857142857142854,0.0,1731357027.3645785
73.88278995283154,1.1902430222949045,42.857142857142854,0.0,1731357027.3750167
74.03808398596296,1.1689274259281843,42.857142857142854,0.0,1731357027.3851542
74.08783331153892,1.1668564180225267,42.857142857142854,0.0,1731357027.3954163
74.03932840354375,1.16947752625899,42.857142857142854,0.0,1731357027.4057727
73.93068255462664,1.159228686312039,42.857142857142854,0.0,1731357027.4159842
74.08523743188144,1.2175300446999657,42.857142857142854,0.0,1731357027.4260628
73.97878309757805,1.1816644813600923,42.857142857142854,0.0,1731357027.4361715
73.81621088739118,1.1820818396038324,42.857142857142854,0.0,1731357027.446657
73.88799489002731,1.2076908580030514,42.857142857142854,0.0,1731357027.4568145
73.95296639773319,1.178305201625779,42.857142857142854,0.0,1731357027.467009
73.9056097103929,1.1787979972204758,42.857142857142854,0.0,1731357027.4770834
74.00115019787265,1.1970519333315812,42.857142857142854,0.0,1731357027.4871974
74.01298512841204,1.1892285148572472,42.857142857142854,0.0,1731357027.4973083
73.9336169253416,1.1951645556429422,42.857142857142854,0.0,1731357027.5076504
73.92586129003722,1.1947836990919667,42.857142857142854,0.0,1731357027.5177267
73.90358171318954,1.1696145179387685,42.857142857142854,0.0,1731357027.5280437
73.87112734210432,1.1878601451209538,42.857142857142854,0.0,1731357027.538165
73.8363622014545,1.1561152789298301,42.857142857142854,0.0,1731357027.5482957
73.94117586947567,1.1812657040698114,42.857142857142854,0.0,1731357027.5587518
73.84423239003749,1.2202418983289294,42.857142857142854,0.0,1731357027.5692518
73.96081502648244,1.1791838591506096,42.857142857142854,0.0,1731357027.5796518
73.91219657821276,1.1846634631837327,42.857142857142854,0.0,1731357027.5898015
73.97835526697422,1.177129217078084,42.857142857142854,0.0,1731357027.599939
74.07469583895225,1.1830719609422804,42.857142857142854,0.0,1731357027.610147
74.23725463435494,1.1915337456818191,42.857142857142854,0.0,1731357027.6202033
74.1590131009771,1.162215727928456,42.857142857142854,0.0,1731357027.6304684
74.15017072534829,1.1960021043726108,42.857142857142854,0.0,1731357027.6410737
74.14112022518383,1.1720855022340946,42.857142857142854,0.0,1731357027.6512375
74.11327525880054,1.2047929924512686,42.857142857142854,0.0,1731357027.6613388
74.2093067603028,1.1524852619352497,42.857142857142854,0.0,1731357027.6714816
74.33608515966658,1.1706061646814654,42.857142857142854,0.0,1731357027.681649
74.21946873774137,1.195298892517288,42.857142857142854,0.0,1731357027.6920118
74.25270999324454,1.1345493953568508,42.857142857142854,0.0,1731357027.7025597
74.41407171772366,1.2032752449082642,42.857142857142854,0.0,1731357027.7130523
74.25463600862795,1.1686188228489354,42.857142857142854,0.0,1731357027.723214
74.44134576173293,1.176356929678099,42.857142857142854,0.0,1731357027.7333155
74.46721128934675,1.1853962204259398,42.857142857142854,0.0,1731357027.7435389
74.43628898411356,1.1898214654278094,42.857142857142854,0.0,1731357027.7539196
74.37881481304758,1.227938551459847,42.857142857142854,0.0,1731357027.764294
74.38265901931106,1.2069952014961434,42.857142857142854,0.0,1731357027.7745204
74.23179232827916,1.1926977774957193,42.857142857142854,0.0,1731357027.7847075
74.03207992274878,1.2309237685451169,42.857142857142854,0.0,1731357027.7950964
73.95231092998701,1.1774028971102164,42.857142857142854,0.0,1731357027.8052194
74.1063863966499,1.1821252197889365,42.857142857142854,0.0,1731357027.8154533
74.27869199513499,1.1779134727742075,42.857142857142854,0.0,1731357027.825555
74.20300644400879,1.1919658063116527,42.857142857142854,0.0,1731357027.8356316
74.12768983666153,1.2110457152697038,42.857142857142854,0.0,1731357027.846144
74.02907033928041,1.1762816857828753,42.857142857142854,0.0,1731357027.85653
73.96752395842277,1.1504402633578523,42.857142857142854,0.0,1731357027.866733
73.9652238263418,1.1655569131544332,42.857142857142854,0.0,1731357027.8772693
74.0821603704727,1.1783869551750188,42.857142857142854,0.0,1731357027.8873231
74.14889694161641,1.2049742799056904,42.857142857142854,0.0,1731357027.8974226
74.19404312224292,1.1896584190769244,42.857142857142854,0.0,1731357027.9077425
74.17818443472915,1.186947563518317,42.857142857142854,0.0,1731357027.9181294
74.17424613091873,1.1837970897439347,42.857142857142854,0.0,1731357027.9282413
73.99990413350567,1.1859429271801851,42.857142857142854,0.0,1731357027.9383054
73.96549465469971,1.1582614446116128,42.857142857142854,0.0,1731357027.9485579
73.84150932374392,1.1777049473235293,42.857142857142854,0.0,1731357027.958658
73.95193641235947,1.200082693359613,42.857142857142854,0.0,1731357027.968939
73.88586521391075,1.16704384047232,42.857142857142854,0.0,1731357027.9790354
73.85755855337614,1.1913084610484628,42.857142857142854,0.0,1731357027.9893234
73.96970556054181,1.19073289344577,42.857142857142854,0.0,1731357027.9994252
74.04721780836968,1.1639210951270131,42.857142857142854,0.0,1731357028.0098388
73.94944598098948,1.1966063474976172,42.857142857142854,0.0,1731357028.020163
73.90774079002686,1.188448360743309,42.857142857142854,0.0,1731357028.030448
73.87101629668949,1.1676301435524357,42.857142857142854,0.0,1731357028.0409591
73.89747513762947,1.1783475328435242,42.857142857142854,0.0,1731357028.0512779
74.0054789723803,1.1963342424387062,42.857142857142854,0.0,1731357028.0617568
74.12637617414384,1.1966250670548415,42.857142857142854,0.0,1731357028.0726407
74.10385927098748,1.1801378146120456,42.857142857142854,0.0,1731357028.0827143
74.0643593050212,1.204640095237367,42.857142857142854,0.0,1731357028.0931964
74.08281359171171,1.2007883852542833,42.857142857142854,0.0,1731357028.10337
74.0524341027826,1.1762786739235744,42.857142857142854,0.0,1731357028.1137466
74.09012629481623,1.1681910114153535,42.857142857142854,0.0,1731357028.124003
74.06822363549692,1.1723813919738093,42.857142857142854,0.0,1731357028.1342275
74.14759407797207,1.178280687872537,42.857142857142854,0.0,1731357028.14469
74.14387629838129,1.2150819784141205,42.857142857142854,0.0,1731357028.155041
74.33049976274208,1.1804146938727165,42.857142857142854,0.0,1731357028.1653295
74.14447608387971,1.196354209853876,42.857142857142854,0.0,1731357028.175659
74.07655751108078,1.1725466348268485,42.857142857142854,0.0,1731357028.186179
74.00580702331625,1.213916073776225,42.857142857142854,0.0,1731357028.196704
73.90750415897392,1.1883079768836715,42.857142857142854,0.0,1731357028.2069485
73.8548719724107,1.1321745816998734,42.857142857142854,0.0,1731357028.2170885
73.8712743281566,1.1845096823133574,42.857142857142854,0.0,1731357028.2272933
73.85446935859332,1.1681860604312875,42.857142857142854,0.0,1731357028.2375686
73.9114363221423,1.1705929868895388,42.857142857142854,0.0,1731357028.2478428
73.9114363221423,1.1705929868895388,42.857142857142854,0.0,1731357028.2581282
73.88226912794158,1.1712624151416988,0.0,0.0,1731357028.2682822
65.9012385723879,0.33302964421205955,0.0,0.0,1731357028.278691
58.8438881394467,0.3062223334230412,0.0,0.0,1731357028.2888255
52.38995175048797,0.28792918641279913,0.0,0.0,1731357028.2993472
46.706751008545965,0.27864190448450404,0.0,0.0,1731357028.3094676
41.55492897332676,0.33821938111816385,0.0,0.0,1731357028.3196144
36.95018059171078,0.2859362413361909,0.0,0.0,1731357028.3298554
33.0614572442715,0.22833064391479213,0.0,0.0,1731357028.34018
29.661772643993498,0.2540564900305202,0.0,0.0,1731357028.350639
26.701732440154583,0.2504703197059227,0.0,0.0,1731357028.361492
23.974650960896472,0.24751823494945857,0.0,0.0,1731357028.3721244
21.310348309212102,0.23556089509445738,0.0,0.0,1731357028.3822482
18.84636495695697,0.23646812176959287,0.0,0.0,1731357028.3923693
17.012616418677112,0.2528857347225287,0.0,0.0,1731357028.4027922
15.176211924157899,0.2059949407710215,0.0,0.0,1731357028.4131567
13.500565123422701,0.23600323626287817,0.0,0.0,1731357028.4234943
12.073295166111402,0.1935864925052481,0.0,0.0,1731357028.4335556
10.618985663255197,0.2349668939015673,0.0,0.0,1731357028.4436557
